active,count,percentage
true,11853,34.47643979057592
false,22527,65.52356020942408
