event,pre_days,post_days,auc,edge,n_bars,n_days,score
E10_FirstGreenBounce,0,0,0.9626361264033305,0.01205125097925588,6137,291,0.0013300674297926191
E11_VolumeBounce,0,0,0.9751189837028652,0.020932830192190298,6750,288,0.002314994979570958
